"Reference","Value","Footprint","Qty","DNP","Distributor","Manufacturer","OrderNr"
"C1","2.2n","Capacitor_SMD:C_0805_2012Metric","1","","","",""
"C2,C4,C9","1n","Capacitor_SMD:C_0805_2012Metric","3","","","",""
"C3","12p","Capacitor_SMD:C_0603_1608Metric","1","","D","","478-KGM15ACG2A120JMCT-ND"
"C5","330n","Capacitor_SMD:C_0805_2012Metric","1","","","",""
"C6,C8,C26,C27,C28,C29,C30,C31,C32,C33,C34,C35,C36,C37,C38,C40,C41,C42,C43,C44,C46,C47,C49,C50,C51,C52,C54,C56,C57,C58,C60,C61,C62,C63,C65,C66,C67,C69,C70,C71,C72,C73,C76,C78,C79,C80,C85,C93,C94,C105,C108,C121,C122,C123,C124,C125,C126,C127,C128,C129,C130,C131,C133,C135,C136,C137,C138,C141,C143,C144,C145,C146,C147,C148,C149,C150,C151,C152,C153,C154,C155,C156,C157,C158,C159,C161,C163,C164,C165,C166,C169,C171,C172,C173,C174,C175,C195,C196,C197,C203,C204,C205,C211,C212,C213,C219,C220,C221","1µ","Capacitor_SMD:C_0805_2012Metric","108","","","",""
"C7","4.7µ","Capacitor_SMD:C_0805_2012Metric","1","","","",""
"C10,C11,C176,C198","100n/0.7mm","Capacitor_SMD:C_0805_2012Metric","4","","D","AC0805KRX7R9BB104","311-3037-1-ND"
"C12,C13,C177,C199","2.2µ","Capacitor_SMD:C_0805_2012Metric","4","","","",""
"C14,C16,C25,C53,C55,C74,C75,C82,C83,C87,C88,C96,C101,C102,C103,C107,C139,C140,C167,C168,C178,C200","100n","Capacitor_SMD:C_0805_2012Metric","22","","","",""
"C15,C17,C64,C68,C119,C120,C132,C134,C160,C162,C183,C217","10µ","Capacitor_SMD:C_0805_2012Metric","12","","D","C2012X5R1E106K125AB","445-5984-1-ND"
"C18,C19,C109,C110,C179,C180,C201,C202","1n/0.7mm","Capacitor_SMD:C_0805_2012Metric","8","","D","CC0805KRX7R0BB102","311-1472-1-ND"
"C20,C23,C45,C81,C89,C111,C191,C192,C193,C222,C223,C224","22µ/25V","Capacitor_SMD:C_1210_3225Metric","12","","D","C1210C226K3PAC7800","399-C1210C226K3PAC7800CT-ND"
"C21,C22,C24,C39,C59,C77,C142,C170,C184,C185,C206,C207","100µ/6.3V","Capacitor_SMD:C_1210_3225Metric","12","","D","C1210C107M8PAC7800","399-C1210C107M8PAC7800CT-ND"
"C48,C84,C86,C90,C91,C95,C97,C98,C99,C186,C187,C188,C189,C194,C208,C209,C210,C214","330µ/4V","Capacitor_SMD:C_1210_3225Metric","18","","D","GRM32ER60G337ME05K","490-GRM32ER60G337ME05KCT-ND"
"C92,C190,C218","220µ/25V","Capacitor_SMD:CP_Elec_8x10","3","","D","875075355002","732-6489-1-ND"
"C100","10µ/25V","Capacitor_SMD:C_0805_2012Metric","1","","D","C2012X5R1E106K125AB","445-5984-1-ND"
"C104","10n","Capacitor_SMD:C_0805_2012Metric","1","","","",""
"C106","22µ/16V","Capacitor_SMD:C_1206_3216Metric","1","","","",""
"C112,C117,C181,C215","3.3n/25V","Capacitor_SMD:C_0805_2012Metric","4","","D","","490-8291-1-ND"
"C113,C118,C182,C216","1µ/25V","Capacitor_SMD:C_0805_2012Metric","4","","","",""
"C114,C115,C116","22p","Capacitor_SMD:C_0603_1608Metric","3","","","",""
"D1","SMBJ12A","Diode_SMD:D_SMB","1","","D","SMBJ12A","SMBJ12ALFCT-ND"
"D2","PMEG4030EP,115","Diode_SMD:D_SOD-128","1","","D","PMEG4030EP,115","1727-5841-1-ND"
"D3","1N5819","Diode_SMD:D_SOD-123","1","","D","1N5819HWQ-7-F","31-1N5819HWQ-7-FCT-ND"
"F1","12A","myfootprints:fuseholder_littlefuse_blok","1","","D","0451012.MRL","F1228CT-ND"
"HS1","Heatsink","","1","","D","501100B00000G","501100B00000G-ND"
"J1","Conn_01x04","footprints:Barrier Terminal 01x04","1","","D","YK5110403000G","YK5110403000G-ND"
"J5,J6","Conn_01x12-Socket","","2","","D","61301211821","732-61301211821-ND"
"J7,J8","Conn_01x12-Header","","2","","D","PH1-12-UA","2057-PH1-12-UA-ND"
"L1,L2,L4","220nH","myfootprints:IFLR-4031GC-01-8x10","3","","D","FP1008R5-R220-R","283-FP1008R5-R220-RCT-ND"
"L3","4.7µH/2.3A/2.7A","Inductor_SMD:L_Taiyo-Yuden_NR-50xx","1","","D","74404052047","732-7244-1-ND"
"L5","220nH","Qaxe:IFLR-4031GC-01-8x10","1","","D","FP1008R5-R220-R","283-FP1008R5-R220-RCT-ND"
"M1,M2","Fan_4pin","Connector:FanPinHeader_1x04_P2.54mm_Vertical","2","","D","0470531000","WM4330-ND"
"R1","16.5k","Resistor_SMD:R_0805_2012Metric","1","","D","","541-16.5KCCT-ND"
"R2","24.3k","Resistor_SMD:R_0805_2012Metric","1","","D","","311-24.3KCRCT-ND"
"R3","49.9k","Resistor_SMD:R_0805_2012Metric","1","","D","","311-49.9KCRCT-ND"
"R4","100k","Resistor_SMD:R_0805_2012Metric","1","","","",""
"R5","121k","Resistor_SMD:R_0805_2012Metric","1","","D","","RMCF0805FT121KCT-ND"
"R6","8.06k","Resistor_SMD:R_0805_2012Metric","1","","","",""
"R7","2.55k","Resistor_SMD:R_0805_2012Metric","1","","D","","311-2.55KCRCT-ND"
"R8,R10,R15,R17,R20,R22,R31,R36,R37,R38,R41,R43,R46","10k","Resistor_SMD:R_0805_2012Metric","13","","","",""
"R9,R14,R16,R19,R21,R24,R42,R45","1k","Resistor_SMD:R_0805_2012Metric","8","","","",""
"R11,R18,R23,R44,R49,R50,R51","2k","Resistor_SMD:R_0805_2012Metric","7","","","",""
"R12,R13","2.2R/0.5W","Resistor_SMD:R_0805_2012Metric","2","","D","RCS08052R20FKEA","541-10524-1-ND"
"R25,R26,R27,R28,R47,R48,R52,R53","1R/0.5W","Resistor_SMD:R_0805_2012Metric","8","","D","CRCW08051R00FKEAHP","541-1.00TCT-ND"
"R29,R30","0","Resistor_SMD:R_0805_2012Metric","2","","","",""
"R32","84.5k","Resistor_SMD:R_0805_2012Metric","1","","","",""
"R33,R35","2.7k","Resistor_SMD:R_0805_2012Metric","2","","","",""
"R34","16.2k","Resistor_SMD:R_0805_2012Metric","1","","D","","RMCF0805FT16K2CT-ND"
"R39,R40","100","Resistor_SMD:R_0805_2012Metric","2","","","",""
"U1,U4,U5,U16","CSD95472Q5MC","myfootprints:CSD95472-SON-5x6","4","","D","CSD95472Q5MC","296-43950-1-ND"
"U2,U9,U10,U11,U12,U13,U14,U17","BM1370_mode1","Nerd8:BM1370","8","","","",""
"U3","TPS53647","Package_DFN_QFN:Texas_RHA0040B_VQFN-40-1EP_6x6mm_P0.5mm_EP4.15x4.15mm_ThermalVias","1","","D","TPS53647RTAR","296-51986-1-ND"
"U6","AP3211","Package_TO_SOT_SMD:SOT-23-6","1","","D","AP3211KTR-G1","AP3211KTR-G1DICT-ND"
"U7","MCP1824T-0802E","Package_TO_SOT_SMD:SOT-23-5","1","","D","MCP1824T-0802E/OT","MCP1824T-0802E/OTCT-ND"
"U8","25MHz","Oscillator:Oscillator_SMD_EuroQuartz_XO32-4Pin_3.2x2.5mm","1","","D","","1923-1664-1-ND"
"U30","T-Display-S3","myfootprints:T-Display-S3","1","","X","",""
"U32","EMC2302-1","Package_SO:MSOP-10_3x3mm_P0.5mm","1","","D","EMC2302-1-AIZL-TR","EMC2302-1-AIZL-CT-ND"
"U33","TXU0102-DCU","Package_SO:VSSOP-8_2.3x2mm_P0.5mm","1","","D","TXU0102DCUR","296-TXU0102DCURCT-ND"
"U35","TXU0304PW","Package_SO:TSSOP-14-1EP_4.4x5mm_P0.65mm","1","","D","TXU0304PWR","296-TXU0304PWRCT-ND"
"U36","MCP1824T-1202E","Package_TO_SOT_SMD:SOT-23-5","1","","D","MCP1824T-1202E/OT","MCP1824T-1202E/OTCT-ND"
"U37,U38","TMP1075","myfootprints:TMP1075-DRL","2","","D","TMP1075NDRLR","296-TMP1075NDRLRCT-ND"
